5a4fe65e137d5,"Une expérience unique !","<p>C&#39;&eacute;tait g&eacute;nial</p>
",positive,61,30,16,0,45,13,0,0,0,0,0,0,"2018-01-05 21:55:58",,,Morgane,"Femme(à prouver)",Chômage
5a4fe91c1b2e5,"Encore un test",,positive,0,0,0,0,0,0,0,0,0,0,0,0,"2018-01-05 22:07:40",,,Morgane,"Femme(à prouver)",Chômage
5a4fe926cba7c,"Encore un test",,positive,0,0,0,0,0,0,0,0,0,0,0,0,"2018-01-05 22:07:50",,,Morgane,"Femme(à prouver)",Chômage
5a5e5af277c62,"Super jeu !","<p>Blablabla</p>
",positive,70,0,100,36,100,50,0,0,0,0,0,0,"2018-01-16 21:05:06",,,password,zegf,ef
5a4d17ea47d8b,Oui,"<p>Je suis avant le spoiler</p>

<div class=""spoiler"">
<div class=""spoiler-title"">
<div class=""spoiler-toggle hide-icon"">&nbsp;</div>
</div>

<div class=""spoiler-content"">
<p>je suis le spoiler</p>
</div>
</div>

<p>je suis apr&eacute;s le spoiler</p>
",positive,39,59,75,40,32,100,0,0,0,0,0,0,"2018-01-03 18:50:34",GTA5,RPG,user,user,user
5a4fe6ab89e08,J'adore,"<p>trop bien</p>
",positive,69,0,25,0,0,29,0,1,0,0,0,0,"2018-01-05 21:57:15",GTA5,RPG,Morgane,"Femme(à prouver)",Chômage
5a5f202d38574,Ce,"<h2 style=""font-style:italic;"">ceci est un message&nbsp;&nbsp;</h2>

<div style=""background:#eeeeee;border:1px solid #cccccc;padding:5px 10px;"">Comme le disait un grand proph&egrave;te :&nbsp;<q>J&#39;ai faim</q></div>

<p><img alt="""" src=""https://cdn.vox-cdn.com/uploads/chorus_asset/file/9146987/Soraka_Splash_7.jpg"" style=""height:500px; width:847px"" />&nbsp;</p>
",positive,100,0,0,0,0,0,0,1,0,0,0,0,"2018-01-17 11:06:37",GTA5,RPG,password,zegf,ef
5a5f20504c26e,Projet,"<p>erherth</p>
",positive,0,59,27,92,83,15,0,0,0,0,0,0,"2018-01-17 11:07:12",GTA5,RPG,password,zegf,ef
5a5f205dbef7e,Mérite,"<p>ergezg</p>
",positive,82,35,88,19,0,0,0,0,0,0,0,0,"2018-01-17 11:07:25",GTA5,RPG,password,zegf,ef
5a5f206d00568,20/20,"<p>gregds</p>
",positive,0,55,22,0,0,0,1,0,0,0,0,0,"2018-01-17 11:07:41",GTA5,RPG,password,zegf,ef
5a5f38820a957,"Lorem ipsum dolor sit amet, consectetur adipi","<p>Lorem ipsum dolor sit amet, consectetur adipiscing elit. Aliquam viverra ut felis quis laoreet. Morbi vitae tempus ante. Morbi suscipit feugiat condimentum. Pellentesque habitant morbi tristique senectus et netus et malesuada fames ac turpis egestas. Morbi posuere eget purus at maximus. Nulla sed commodo purus. Maecenas ut tellus eu libero feugiat feugiat. Nullam pharetra commodo metus, at malesuada tellus sodales non. Quisque posuere lorem eu nulla pulvinar accumsan. Integer auctor sed metus non fringilla. Curabitur lobortis rutrum purus non condimentum.</p>
",positive,0,0,81,0,0,0,0,0,0,0,0,0,"2018-01-17 12:50:26",GTA5,RPG,UserTest,Autre,Etudiant
5a5f3d2d884f4,"Lorem Ipsum","<p>Lorem ipsum dolor sit amet, consectetur adipiscing elit. Integer interdum quam eget lacus luctus mollis. Aliquam erat volutpat. Sed lacus nunc, iaculis a malesuada sed, consectetur vitae ex. Vivamus eu mollis lacus, suscipit maximus ipsum. Sed vel rutrum diam, vel dignissim libero. Duis fermentum vestibulum nisl, quis facilisis nulla vestibulum vitae. Nulla libero felis, mollis in metus sed, placerat pellentesque leo. Suspendisse potenti. Donec maximus lorem ac augue mattis, at malesuada sem dignissim. Nam arcu turpis, condimentum et nisl sed, commodo molestie dui. Fusce ac lectus a turpis accumsan euismod a eget lacus.</p>

<div class=""spoiler"">
<div class=""spoiler-title"">
<div class=""spoiler-toggle hide-icon"">&nbsp;</div>
</div>

<div class=""spoiler-content"">
<p>Mauris sed sapien a sem sollicitudin condimentum ut vitae odio. Morbi sem ante, pellentesque at libero sed, sagittis efficitur turpis. Fusce vehicula, lacus quis eleifend molestie, orci odio sollicitudin nibh, in sodales ligula orci non lorem. Nunc justo massa, tristique ut fringilla sed, feugiat non quam. Nullam scelerisque nisl sed arcu pulvinar, id porttitor nisi malesuada. Maecenas congue mollis nunc, quis interdum massa malesuada et. Morbi ac porta nisl, ut suscipit quam. Vivamus condimentum vulputate luctus.</p>

<p>Aenean lobortis porta ipsum id bibendum. Donec rhoncus volutpat ex, vitae aliquet enim interdum non. Morbi at ultricies nulla. Aliquam tortor est, porta et quam ac, bibendum hendrerit ex. Mauris rutrum commodo ullamcorper. Cras ultrices pulvinar magna, id pharetra urna fermentum sit amet. Ut efficitur, justo vel bibendum vulputate, ante purus sollicitudin felis, ut rhoncus augue sem vel erat. Maecenas vestibulum libero elit. Vestibulum sit amet lacus faucibus, feugiat metus vitae, rhoncus purus. Fusce sit amet mattis massa. Maecenas pharetra tellus id magna interdum, quis vulputate ipsum placerat. Sed blandit magna sem, quis tristique lorem placerat et. Aenean euismod ipsum nisi, eu lacinia dui dignissim viverra.</p>

<p>Ut eu nibh tempus, tincidunt sapien a, pellentesque nisi. Suspendisse varius sagittis lectus id dictum. Fusce tincidunt justo in dui auctor imperdiet. Duis sit amet erat turpis. Pellentesque posuere leo erat, eget porttitor metus pretium vel. Integer iaculis pretium elit sed facilisis. Nullam lacinia, nisi quis pharetra tempor, lectus ipsum sodales libero, eget ultrices sem nisi ac lectus.</p>
</div>
</div>

<p>&nbsp;</p>
",positive,100,52,89,28,70,21,0,0,0,0,0,0,"2018-01-17 13:10:21",GTA5,RPG,password,zegf,ef
5a5f3d6565fff,Mauris,"<p>Mauris sed sapien a sem sollicitudin condimentum ut vitae odio. Morbi sem ante, pellentesque at libero sed, sagittis efficitur turpis. Fusce vehicula, lacus quis eleifend molestie, orci odio sollicitudin nibh, in sodales ligula orci non lorem. Nunc justo massa, tristique ut fringilla sed, feugiat non quam. Nullam scelerisque nisl sed arcu pulvinar, id porttitor nisi malesuada. Maecenas congue mollis nunc, quis interdum massa malesuada et. Morbi ac porta nisl, ut suscipit quam. Vivamus condimentum vulputate luctus.</p>

<p>Aenean lobortis porta ipsum id bibendum. Donec rhoncus volutpat ex, vitae aliquet enim interdum non. Morbi at ultricies nulla. Aliquam tortor est, porta et quam ac, bibendum hendrerit ex. Mauris rutrum commodo ullamcorper. Cras ultrices pulvinar magna, id pharetra urna fermentum sit amet. Ut efficitur, justo vel bibendum vulputate, ante purus sollicitudin felis, ut rhoncus augue sem vel erat. Maecenas vestibulum libero elit. Vestibulum sit amet lacus faucibus, feugiat metus vitae, rhoncus purus. Fusce sit amet mattis massa. Maecenas pharetra tellus id magna interdum, quis vulputate ipsum placerat. Sed blandit magna sem, quis tristique lorem placerat et. Aenean euismod ipsum nisi, eu lacinia dui dignissim viverra.</p>

<p>Ut eu nibh tempus, tincidunt sapien a, pellentesque nisi. Suspendisse varius sagittis lectus id dictum. Fusce tincidunt justo in dui auctor imperdiet. Duis sit amet erat turpis. Pellentesque posuere leo erat, eget porttitor metus pretium vel. Integer iaculis pretium elit sed facilisis. Nullam lacinia, nisi quis pharetra tempor, lectus ipsum sodales libero, eget ultrices sem nisi ac lectus.</p>
",positive,0,62,40,0,94,31,0,0,0,0,0,0,"2018-01-17 13:11:17",GTA5,RPG,password,zegf,ef
5a5f45f2f2aab,"Lorem Ipsum","<h3 style=""color:#aaaaaa;font-style:italic;"">Nam facilisis erat a ex elementum ullamcorper ut in risus. In velit magna, tincidunt sit amet mi eu, commodo gravida erat. <strong>Mauris at velit a ex posuere dapibus quis at eros. Vivamus vehicula tempor tortor. Curabitur id mauris sapien.</strong> Nam eu sollicitudin magna. Aliquam maximus venenatis neque, ac scelerisque enim blandit nec. Nunc eu sollicitudin velit. Vivamus egestas, erat consequat cursus varius, dolor nulla pellentesque turpis, eu pulvinar mi justo a ipsum. Pellentesque ultrices ligula ex, sed tincidunt urna pharetra vitae. Pellentesque eros elit, sodales quis turpis ut, finibus facilisis mi. Fusce nec metus ex. Integer sodales molestie ornare. Ut venenatis, leo et placerat viverra, dolor nisl vulputate odio, eget tincidunt ex dui ac ante.</h3>

<div class=""spoiler"">
<div class=""spoiler-title"">
<div class=""spoiler-toggle hide-icon"">&nbsp;</div>
</div>

<div class=""spoiler-content"">
<p>Nam facilisis erat a ex elementum ullamcorper ut in risus. In velit magna, tincidunt sit amet mi eu, commodo gravida erat. Mauris at velit a ex posuere dapibus quis at eros. Vivamus vehicula tempor tortor. Curabitur id mauris sapien. Nam eu sollicitudin magna. Aliquam maximus venenatis neque, ac scelerisque enim blandit nec. Nunc eu sollicitudin velit. Vivamus egestas, erat consequat cursus varius, dolor nulla pellentesque turpis, eu pulvinar mi justo a ipsum. Pellentesque ultrices ligula ex, sed tincidunt urna pharetra vitae. Pellentesque eros elit, sodales quis turpis ut, finibus facilisis mi. Fusce nec metus ex. Integer sodales molestie ornare. Ut venenatis, leo et placerat viverra, dolor nisl vulputate odio, eget tincidunt ex dui ac ante.</p>

<p>Donec porta massa turpis, ac imperdiet erat consequat ut. Vestibulum ante ipsum primis in faucibus orci luctus et ultrices posuere cubilia Curae; Vivamus tortor tellus, consequat sit amet leo non, sagittis dignissim magna. Vestibulum lobortis erat nec dui ornare, non viverra nisl laoreet. Sed vestibulum massa scelerisque, bibendum ante sed, convallis nunc. Maecenas ac viverra elit, at scelerisque lectus. Suspendisse eu augue vitae libero sodales fringilla. Suspendisse potenti.</p>
</div>
</div>

<p>Donec porta massa turpis, ac imperdiet erat consequat ut. Vestibulum ante ipsum primis in faucibus orci luctus et ultrices posuere cubilia Curae; Vivamus tortor tellus, consequat sit amet leo non, sagittis dignissim magna. Vestibulum lobortis erat nec dui ornare, non viverra nisl laoreet. Sed vestibulum massa scelerisque, bibendum ante sed, convallis nunc. Maecenas ac viverra elit, at scelerisque lectus. Suspendisse eu augue vitae libero sodales fringilla. Suspendisse potenti.</p>
",positive,44,100,22,74,32,100,0,0,0,0,0,0,"2018-01-17 13:47:46",GTA5,RPG,user,user,user
5a5f46a111ffb,"Lorem Ipsum","<p>Nam facilisis erat a ex elementum ullamcorper ut in risus. In velit magna, tincidunt sit amet mi eu, commodo gravida erat. <kbd>Mauris at velit a ex posuere dapibus qu</kbd>is at eros. Vivamus vehicula tempor tortor. Curabitur id mauris sapien. Nam eu sollicitudin magna. Aliquam maximus venenatis neque, ac scelerisque enim blandit nec. Nunc eu sollicitudin velit. Vivamus egestas, erat consequat cursus varius, dolor nulla pellentesque turpis, eu pulvinar mi justo a ipsum. Pellentesque ultrices ligula ex, sed tincidunt urna pharetra vitae. Pellentesque eros elit, sodales quis turpis ut, finibus facilisis mi. Fusce nec metus ex. Integer sodal<big>es molestie ornare. Ut venenatis, leo et placerat viverra, dolor nisl vulputate odio, eget tincidunt ex dui ac ante.</big></p>

<p><big>Donec porta massa turpis, ac imperdiet erat consequat ut. Vestibulum ante ipsum primis in faucibus orci luctus et ultrices posuere cubilia Curae; Vivamus tortor tellus, consequat sit amet leo non, sagittis dignissim magna. Vestibulum lobortis erat nec dui ornare, non viverra nisl laoreet. Sed vestibulum massa scelerisque, bibendum ante sed, convallis nunc. Maecenas ac viverra elit, at scelerisque lectus. Suspendisse eu augue vitae libero sodal</big>es fringilla. Suspendisse potenti.</p>
",positive,44,98,53,94,88,100,0,0,0,0,0,1,"2018-01-17 13:50:41",GTA5,RPG,user,user,user
5a5f474623f3d,"Lorem Ipsum","<p>Nam facilisis erat a ex elementum ullamcorper ut in risus. In velit magna, tincidunt sit amet mi eu, commodo gravida erat. Mauris at velit a ex posuere dapibus quis at eros. Vivamus vehicula tempor tortor. Curabitur id mauris sapien. Nam eu sollicitudin magna. Aliquam maximus venenatis neque, ac scelerisque enim blandit nec. Nunc eu sollicitudin velit. Vivamus egestas, erat consequat cursus varius, dolor nulla pellentesque turpis, eu pulvinar mi justo a ipsum. Pellentesque ultrices ligula ex, sed tincidunt urna pharetra vitae. Pellentesque eros elit, sodales quis turpis ut, finibus facilisis mi. Fusce nec metus ex. Integer sodales molestie ornare. Ut venenatis, leo et placerat viverra, dolor nisl vulputate odio, eget tincidunt ex dui ac ante.Nam facilisis erat a ex elementum ullamcorper ut in risus. In velit magna, tincidunt sit amet mi eu, commodo gravida erat. Mauris at velit a ex posuere dapibus quis at eros. Vivamus vehicula tempor tortor. Curabitur id mauris sapien. Nam eu sollicitudin magna. Aliquam maximus venenatis neque, ac scelerisque enim blandit nec. Nunc eu sollicitudin velit. Vivamus egestas, erat consequat cursus varius, dolor nulla pellentesque turpis, eu pulvinar mi justo a ipsum. Pellentesque ultrices ligula ex, sed tincidunt urna pharetra vitae. Pellentesque eros elit, sodales quis turpis ut, finibus facilisis mi. Fusce nec metus ex. Integer sodales molestie ornare. Ut venenatis, leo et placerat viverra, dolor nisl vulputate odio, eget tincidunt ex dui ac ante.Nam facilisis erat a ex elementum ullamcorper ut in risus. In velit magna, tincidunt sit amet mi eu, commodo gravida erat. Mauris at velit a ex posuere dapibus quis at eros. Vivamus vehicula tempor tortor. Curabitur id mauris sapien. Nam eu sollicitudin magna. Aliquam maximus venenatis neque, ac scelerisque enim blandit nec. Nunc eu sollicitudin velit. Vivamus egestas, erat consequat cursus varius, dolor nulla pellentesque turpis, eu pulvinar mi justo a ipsum. Pellentesque ultrices ligula ex, sed tincidunt urna pharetra vitae. Pellentesque eros elit, sodales quis turpis ut, finibus facilisis mi. Fusce nec metus ex. Integer sodales molestie ornare. Ut venenatis, leo et placerat viverra, dolor nisl vulputate odio, eget tincidunt ex dui ac ante.Nam facilisis erat a ex elementum ullamcorper ut in risus. In velit magna, tincidunt sit amet mi eu, commodo gravida erat. Mauris at velit a ex posuere dapibus quis at eros. Vivamus vehicula tempor tortor. Curabitur id mauris sapien. Nam eu sollicitudin magna. Aliquam maximus venenatis neque, ac scelerisque enim blandit nec. Nunc eu sollicitudin velit. Vivamus egestas, erat consequat cursus varius, dolor nulla pellentesque turpis, eu pulvinar mi justo a ipsum. Pellentesque ultrices ligula ex, sed tincidunt urna pharetra vitae. Pellentesque eros elit, sodales quis turpis ut, finibus facilisis mi. Fusce nec metus ex. Integer sodales molestie ornare. Ut venenatis, leo et placerat viverra, dolor nisl vulputate odio, eget tincidunt ex dui ac ante.Nam facilisis erat a ex elementum ullamcorper ut in risus. In velit magna, tincidunt sit amet mi eu, commodo gravida erat. Mauris at velit a ex posuere dapibus quis at eros. Vivamus vehicula tempor tortor. Curabitur id mauris sapien. Nam eu sollicitudin magna. Aliquam maximus venenatis neque, ac scelerisque enim blandit nec. Nunc eu sollicitudin velit. Vivamus egestas, erat consequat cursus varius, dolor nulla pellentesque turpis, eu pulvinar mi justo a ipsum. Pellentesque ultrices ligula ex, sed tincidunt urna pharetra vitae. Pellentesque eros elit, sodales quis turpis ut, finibus facilisis mi. Fusce nec metus ex. Integer sodales molestie ornare. Ut venenatis, leo et placerat viverra, dolor nisl vulputate odio, eget tincidunt ex dui ac ante.</p>
",positive,23,84,41,82,93,91,0,0,0,0,0,0,"2018-01-17 13:53:26",GTA5,RPG,user,user,user
5a5f4814aa62d,lodfkez,"<p>rehgreh</p>
",positive,34,48,0,0,0,50,0,1,0,0,0,0,"2018-01-17 13:56:52",GTA5,RPG,user,user,user
5a5f481b54caa,qerh,"<p>efse</p>
",positive,0,38,0,0,0,0,0,0,0,0,0,0,"2018-01-17 13:56:59",GTA5,RPG,password,zegf,ef
5a4d175425943,uyuyzguc,"<p><strong>Modif</strong></p>

<p>lockejo</p>

<p>coek</p>

<div class=""spoiler"">
<div class=""spoiler-title"">
<div class=""spoiler-toggle hide-icon"">&nbsp;</div>
</div>

<div class=""spoiler-content"">
<p>Je suis un test</p>
</div>
</div>

<p>kjoc</p>
",positive,89,30,100,48,98,50,1,0,0,0,0,0,"2018-01-03 18:48:04",GTA9,RTS,user,user,user
5a5f46540993c,"Lorem Ipsum","<p>Nam facilisis erat a ex elementum ullamcorper ut in risus. In velit magna, tincidunt sit amet mi eu, commodo gravida erat. <s>Mauris at velit </s>a ex posuere dapibus quis at eros. Vivamus vehicula tempor tortor. Curabitur id mauris sapien. Nam eu sollicitud<em>in magna. Aliquam maximus venenatis neque, ac scelerisque enim blandit nec. Nunc eu sollicitudin velit. Vivamus egestas, erat consequat cursus varius, dolor nulla pellentesque turpis, eu pulvinar mi justo a ipsum. Pellentesque ultrices ligula ex, sed tincidunt urna pharetra vitae. Pellentesque eros elit, sodales quis turpis ut, finibus facilisis mi. Fusce nec metus ex. Integer sodales molestie</em> ornare. Ut venenatis, leo et placerat viverra, dolor nisl vulputate odio, eget tincidunt ex dui ac ante.</p>

<p><code>Donec porta massa turpis</code></p>

<p>, ac imperdiet erat consequat ut. Vestibulum ante ipsum primis in faucibus orci luctus et ultrices posuere cubilia Curae; Vivamus tortor tellus, consequat sit amet leo non, sagittis dignissim magna. Vestibulum lobortis erat nec dui ornare, non viverra nisl laoreet. Sed vestibulum massa scelerisque, bibendum ante sed, convallis nunc. Maecenas ac viverra elit, at scelerisque lectus. Suspendisse eu augue vitae libero sodales fringilla. Suspendisse potenti.</p>
",negative,58,30,100,42,90,41,0,0,0,0,0,0,"2018-01-17 13:49:24",lol,ega,user,user,user
5a6340a89a405,test,"<p>srg</p>
",positive,0,67,0,0,0,0,0,0,0,0,0,0,"2018-01-20 14:14:16",lol,ega,azerty,azerty,azerty
5a4fe86a16a56,J'adore,"<p>ahah</p>
",autre,100,0,58,0,0,0,0,0,0,0,0,0,"2018-01-05 22:04:42",Tetris,test,Morgane,"Femme(à prouver)",Chômage
5a4fe88ba2c5c,Test,"<p>test</p>
",positive,0,0,0,0,0,0,0,0,0,0,0,0,"2018-01-05 22:05:15",Tetris,test,Morgane,"Femme(à prouver)",Chômage
5a5e5c8910da4,"Pire que le uno ! Ca brise des amitiés :)","<p>Trop bien pour faire rager ses proches :3</p>
",positive,100,21,52,30,25,50,1,0,0,0,1,0,"2018-01-16 21:11:53",Tetris,test,password,zegf,ef
5a5e5a1a49871,"Une expérience fantastique !","<p>lorem ipsum</p>
",positive,66,42,28,13,33,26,0,0,0,0,0,0,"2018-01-16 21:01:30","Life is Strange",,Morgane,"Femme(à prouver)",Chômage
